{
  "mode": "biencoder",
  "model": "BAAI/bge-small-en-v1.5",
  "n_queries": 41,
  "n_controls": 505,
  "n_ground_truth_mappings": 2996,
  "elapsed_seconds": 0.7,
  "metrics": {
    "n_queries": 41,
    "P@1": 0.07317073170731707,
    "R@1": 0.0009047596971229016,
    "P@3": 0.04065040650406504,
    "R@3": 0.0015222342262985731,
    "P@5": 0.05853658536585367,
    "R@5": 0.003903883523148035,
    "P@10": 0.07317073170731708,
    "R@10": 0.010074831386169068,
    "P@20": 0.05121951219512194,
    "R@20": 0.013976009822409723,
    "MAP": 0.0038983549999950435,
    "R-Precision": 0.013976009822409723
  },
  "confidence_intervals": {
    "P@1": {
      "mean": 0.07317073170731707,
      "ci_lo": 0.0,
      "ci_hi": 0.17073170731707318
    },
    "R@1": {
      "mean": 0.0009047596971229016,
      "ci_lo": 0.0,
      "ci_hi": 0.002029434202632339
    },
    "P@3": {
      "mean": 0.04065040650406504,
      "ci_lo": 0.008130081300813007,
      "ci_hi": 0.08150406504064744
    },
    "R@3": {
      "mean": 0.0015222342262985731,
      "ci_lo": 0.00027404768429706766,
      "ci_hi": 0.003290032368573047
    },
    "P@5": {
      "mean": 0.05853658536585367,
      "ci_lo": 0.01951219512195122,
      "ci_hi": 0.10731707317073172
    },
    "R@5": {
      "mean": 0.003903883523148035,
      "ci_lo": 0.001375921448372805,
      "ci_hi": 0.006842356952719682
    },
    "P@10": {
      "mean": 0.07317073170731708,
      "ci_lo": 0.04390243902439025,
      "ci_hi": 0.1048780487804878
    },
    "R@10": {
      "mean": 0.010074831386169068,
      "ci_lo": 0.0061228778969298625,
      "ci_hi": 0.014328835329578498
    },
    "P@20": {
      "mean": 0.05121951219512194,
      "ci_lo": 0.03414634146341464,
      "ci_hi": 0.06951219512195123
    },
    "R@20": {
      "mean": 0.013976009822409723,
      "ci_lo": 0.009245061921652677,
      "ci_hi": 0.01897977850437723
    },
    "MAP": {
      "mean": 0.0038983549999950435,
      "ci_lo": 0.0019678594411396333,
      "ci_hi": 0.00617260047537813
    },
    "R-Precision": {
      "mean": 0.013976009822409723,
      "ci_lo": 0.009266701431999287,
      "ci_hi": 0.01904295077897321
    }
  }
}