{
  "mode": "biencoder",
  "model": "BAAI/bge-small-en-v1.5",
  "n_queries": 41,
  "n_controls": 1514,
  "n_ground_truth_mappings": 2996,
  "elapsed_seconds": 0.6,
  "metrics": {
    "n_queries": 41,
    "P@1": 0.5853658536585366,
    "R@1": 0.00787972145124819,
    "P@3": 0.43902439024390244,
    "R@3": 0.01783180587779939,
    "P@5": 0.39999999999999997,
    "R@5": 0.02711359303048415,
    "P@10": 0.3121951219512195,
    "R@10": 0.04204933294939411,
    "P@20": 0.23536585365853654,
    "R@20": 0.06296183680577692,
    "MAP": 0.03846343123880412,
    "R-Precision": 0.06296183680577692
  },
  "confidence_intervals": {
    "P@1": {
      "mean": 0.5853658536585366,
      "ci_lo": 0.43902439024390244,
      "ci_hi": 0.7317073170731707
    },
    "R@1": {
      "mean": 0.00787972145124819,
      "ci_lo": 0.005789239170436714,
      "ci_hi": 0.009927958048009309
    },
    "P@3": {
      "mean": 0.43902439024390244,
      "ci_lo": 0.33333333333333326,
      "ci_hi": 0.5528455284552845
    },
    "R@3": {
      "mean": 0.01783180587779939,
      "ci_lo": 0.01329120010679706,
      "ci_hi": 0.022362481664849956
    },
    "P@5": {
      "mean": 0.39999999999999997,
      "ci_lo": 0.32195121951219513,
      "ci_hi": 0.4829268292682926
    },
    "R@5": {
      "mean": 0.02711359303048415,
      "ci_lo": 0.021799851777843344,
      "ci_hi": 0.032647313045464185
    },
    "P@10": {
      "mean": 0.3121951219512195,
      "ci_lo": 0.25121951219512195,
      "ci_hi": 0.375609756097561
    },
    "R@10": {
      "mean": 0.04204933294939411,
      "ci_lo": 0.0340742520213762,
      "ci_hi": 0.050180335006951966
    },
    "P@20": {
      "mean": 0.23536585365853654,
      "ci_lo": 0.1853658536585366,
      "ci_hi": 0.2878048780487805
    },
    "R@20": {
      "mean": 0.06296183680577692,
      "ci_lo": 0.05057039655492996,
      "ci_hi": 0.07598263456399205
    },
    "MAP": {
      "mean": 0.03846343123880412,
      "ci_lo": 0.0285042152087655,
      "ci_hi": 0.0493314733168152
    },
    "R-Precision": {
      "mean": 0.06296183680577692,
      "ci_lo": 0.05059081102481539,
      "ci_hi": 0.07575286815601488
    }
  }
}