{
  "mode": "reranker",
  "model": "BAAI/bge-small-en-v1.5",
  "n_queries": 41,
  "n_controls": 505,
  "n_ground_truth_mappings": 2996,
  "elapsed_seconds": 5.0,
  "metrics": {
    "n_queries": 41,
    "P@1": 0.0975609756097561,
    "R@1": 0.0013415709553920936,
    "P@3": 0.12195121951219512,
    "R@3": 0.005077900956894608,
    "P@5": 0.08292682926829269,
    "R@5": 0.005712376896248596,
    "P@10": 0.0878048780487805,
    "R@10": 0.012052365039593674,
    "P@20": 0.06707317073170732,
    "R@20": 0.0184244548687991,
    "MAP": 0.005745986528234211,
    "R-Precision": 0.0184244548687991
  },
  "confidence_intervals": {
    "P@1": {
      "mean": 0.0975609756097561,
      "ci_lo": 0.024390243902439025,
      "ci_hi": 0.1951219512195122
    },
    "R@1": {
      "mean": 0.0013415709553920936,
      "ci_lo": 0.00030111412225233364,
      "ci_hi": 0.002714328730588893
    },
    "P@3": {
      "mean": 0.12195121951219512,
      "ci_lo": 0.06504065040650406,
      "ci_hi": 0.17886178861788618
    },
    "R@3": {
      "mean": 0.005077900956894608,
      "ci_lo": 0.0028579177438999587,
      "ci_hi": 0.007563173040501947
    },
    "P@5": {
      "mean": 0.08292682926829269,
      "ci_lo": 0.048780487804878044,
      "ci_hi": 0.12195121951219515
    },
    "R@5": {
      "mean": 0.005712376896248596,
      "ci_lo": 0.0032191831094002268,
      "ci_hi": 0.008341866824338913
    },
    "P@10": {
      "mean": 0.0878048780487805,
      "ci_lo": 0.058536585365853655,
      "ci_hi": 0.11951219512195123
    },
    "R@10": {
      "mean": 0.012052365039593674,
      "ci_lo": 0.007975683544385584,
      "ci_hi": 0.016237869020697376
    },
    "P@20": {
      "mean": 0.06707317073170732,
      "ci_lo": 0.04878048780487805,
      "ci_hi": 0.08658536585365853
    },
    "R@20": {
      "mean": 0.0184244548687991,
      "ci_lo": 0.013412906200793072,
      "ci_hi": 0.023740864044647415
    },
    "MAP": {
      "mean": 0.005745986528234211,
      "ci_lo": 0.003542374310896032,
      "ci_hi": 0.0083038244713783
    },
    "R-Precision": {
      "mean": 0.0184244548687991,
      "ci_lo": 0.01331860036375583,
      "ci_hi": 0.023710811797679372
    }
  }
}