{
  "mode": "reranker",
  "model": "BAAI/bge-small-en-v1.5",
  "n_queries": 41,
  "n_controls": 1514,
  "n_ground_truth_mappings": 2996,
  "elapsed_seconds": 6.4,
  "metrics": {
    "n_queries": 41,
    "P@1": 0.5121951219512195,
    "R@1": 0.006821014158613892,
    "P@3": 0.47154471544715443,
    "R@3": 0.01896433577329439,
    "P@5": 0.4146341463414634,
    "R@5": 0.027549714657230842,
    "P@10": 0.3439024390243902,
    "R@10": 0.046271932361178686,
    "P@20": 0.24390243902439024,
    "R@20": 0.06547691209438142,
    "MAP": 0.04070640034471134,
    "R-Precision": 0.06547691209438142
  },
  "confidence_intervals": {
    "P@1": {
      "mean": 0.5121951219512195,
      "ci_lo": 0.36585365853658536,
      "ci_hi": 0.6585365853658537
    },
    "R@1": {
      "mean": 0.006821014158613892,
      "ci_lo": 0.004789558408659549,
      "ci_hi": 0.008882853509465346
    },
    "P@3": {
      "mean": 0.47154471544715443,
      "ci_lo": 0.37398373983739835,
      "ci_hi": 0.5772357723577235
    },
    "R@3": {
      "mean": 0.01896433577329439,
      "ci_lo": 0.0149908043609638,
      "ci_hi": 0.02295345592926979
    },
    "P@5": {
      "mean": 0.4146341463414634,
      "ci_lo": 0.32195121951219513,
      "ci_hi": 0.5121951219512194
    },
    "R@5": {
      "mean": 0.027549714657230842,
      "ci_lo": 0.021596914762882273,
      "ci_hi": 0.03367791816568163
    },
    "P@10": {
      "mean": 0.3439024390243902,
      "ci_lo": 0.2780487804878049,
      "ci_hi": 0.41219512195121955
    },
    "R@10": {
      "mean": 0.046271932361178686,
      "ci_lo": 0.037749657613068456,
      "ci_hi": 0.05497114526028161
    },
    "P@20": {
      "mean": 0.24390243902439024,
      "ci_lo": 0.19753048780487803,
      "ci_hi": 0.2951219512195122
    },
    "R@20": {
      "mean": 0.06547691209438142,
      "ci_lo": 0.053694255196787846,
      "ci_hi": 0.078246377360437
    },
    "MAP": {
      "mean": 0.04070640034471134,
      "ci_lo": 0.02953773518555541,
      "ci_hi": 0.05293233037861138
    },
    "R-Precision": {
      "mean": 0.06547691209438142,
      "ci_lo": 0.05349083843652984,
      "ci_hi": 0.07800429472375998
    }
  }
}